{"cameraMode":{"drawMode":0,"name":"Shaded","section":"Shading Mode"},"sceneLighting":true,"audioPlay":false,"sceneViewState":{"showFog":true,"showMaterialUpdate":false,"showSkybox":true,"showFlares":true,"showImageEffects":true,"showParticleSystems":true},"in2DMode":false,"pivot":{"x":1.6051054000854493,"y":1.3052148818969727,"z":1.956993579864502},"rotation":{"x":-0.104518361389637,"y":0.8786295056343079,"z":-0.225112184882164,"w":-0.4079693853855133},"size":14.531669616699219,"orthographic":false}