{"cameraMode":{"drawMode":0,"name":"Shaded","section":"Shading Mode"},"sceneLighting":true,"audioPlay":false,"sceneViewState":{"showFog":true,"showMaterialUpdate":false,"showSkybox":true,"showFlares":true,"showImageEffects":true,"showParticleSystems":true},"in2DMode":false,"pivot":{"x":4.44719123840332,"y":-1.0430917739868165,"z":1.6471929550170899},"rotation":{"x":-0.13445353507995606,"y":0.8651280999183655,"z":-0.3559320867061615,"w":-0.32682666182518008},"size":11.840591430664063,"orthographic":false}