{"cameraMode":{"drawMode":0,"name":"Shaded","section":"Shading Mode"},"sceneLighting":true,"audioPlay":false,"sceneViewState":{"showFog":true,"showMaterialUpdate":false,"showSkybox":true,"showFlares":true,"showImageEffects":true,"showParticleSystems":true},"in2DMode":false,"pivot":{"x":3.020915985107422,"y":-6.464389324188232,"z":-15.866544723510743},"rotation":{"x":0.016978198662400247,"y":0.9793806076049805,"z":-0.17853093147277833,"w":0.09312372654676438},"size":19.14453887939453,"orthographic":false}